id,headline,summary,url,source,relevance_tag,timestamp
1,Grocery retailer The Organic World aims to expand to 100 stores by...,"Launched in 2017, the retailer offers over 2,000 organic and natural products. It aims to empower individuals to embrace a chemical-free lifestyle by making informed and better choices in their daily and monthly consumption.",https://retail.economictimes.indiatimes.com/news/food-entertainment/grocery/grocery-retailer-the-organic-world-aims-to-expand-to-100-stores-by-the-end-of-2025/105496700,retail.economictimes.indiatimes.com,TOW,2026-04-16T12:01:46
2,"The Organic World, to add 30 new stores in... - Agro Spectrum India","The Organic World (TOW), a part of the Bengaluru-based business conglomerate, Nimida Group, was launched in 2017 with a mission to create a positive and progressive impact on the world.",https://agrospectrumindia.com/2024/12/06/the-organic-world-to-add-30-new-stores-in-hyderabad.html,agrospectrumindia.com,TOW,2026-04-16T12:01:46
3,The Organic World Expands In Mysore: A New Chapter For Nimida...,"The Organic World (TOW), a popular South Indian grocery chain and the flagship brand of Nimida Group, has made its foray into Mysore as part of its expansion plans in Karnataka. The company has opened two stores in the city, one in Ramakrishna Nagar and the other in Vijayanagar.",https://snackfax.com/business/the-organic-world-expands-in-mysore-a-new-chapter-for-nimida-groups-grocery-chain/,snackfax.com,TOW,2026-04-16T12:01:46
4,The Organic World opens new store in Sahakarnagar,"As part of Nimida Group, The Organic World has been scaling its format within and beyond Bengaluru, adding new locations while maintaining its positioning around accessibility, affordability, and authenticity.",https://www.indianretailer.com/news/organic-world-strengthens-bengaluru-footprint-new-store,indianretailer.com,TOW,2026-04-16T12:01:46
5,The Organic World expands Karnataka footprint... - India Retailing,"Bengaluru: The Organic World (TOW), a South Indian grocery retail chain and flagship brand of Nimida Group, has extended its presence in Karnataka by making its debut in Mysore.Latest News. In FocusIndiaretailing Bureau - June 21, 2025.",https://www.indiaretailing.com/2025/01/21/the-organic-world-expands-karnataka-footprint-launches-in-mysore/,indiaretailing.com,TOW,2026-04-16T12:01:46
6,TOW Aims To Add 30 New Stores In Hyderabad By... - BW Retail World,"Part of the Bengaluru-based Nimida Group, The Organic World marked its foray out of Karnataka with its first store in Hyderabad. In an effort to increase its footprint in South India, The Organic World (TOW), a natural and organic groceries retailer...",https://bwretailworld.com/companies/tow-aims-to-add-30-new-stores-in-hyderabad-by-2025,bwretailworld.com,TOW,2026-04-16T12:01:46
7,The Organic World launches in Mysore,"Home » News » Retail » The Organic World launches in Mysore.The Organic World (TOW), part of the Bengaluru-based Nimida Group, has expanded its store network into Mysore, marking a significant step in its strategic pan-India growth plan.",https://www.retail4growth.com/news/the-organic-world-launches-in-mysore-7095,retail4growth.com,TOW,2026-04-16T12:01:46
8,The Organic World set to grow e-commerce... - The HinduBusinessLine,"Gaurav Manchanda, Founder and Director, Nimida Group. Gaurav Manchanda, Founder and Director, Nimida Group. Bangalore-based grocery retail store, The Organic World, is set to expand its market presence by venturing into quick commerce platforms this month.",https://www.thehindubusinessline.com/companies/the-organic-world-set-to-grow-e-commerce-footprint/article68378071.ece,thehindubusinessline.com,TOW,2026-04-16T12:01:46
9,Culture Circle comes to Hyderabad – Retail Updates,... fashion platform that sells AI verified luxury fashion items and sneakers “Culture Circle” has opened an exclusive store in the city of Hyderabad ...,https://retailupdates.news/2025/03/18/culture-circle-comes-to-hyderabad/,retailupdates.news,TOW,2026-04-16T12:01:52
10,The Organic World is building a retail chain for chemical-free,"The Organic World TOW, which is operated by Nimida Group, acknowledges the need for gradual expansion in India due to the complexities of its ...",https://yourstory.com/smbstory/the-organic-world-is-building-a-retail-chain-for-chemical-free-products,yourstory.com,TOW,2026-04-16T12:01:52
11,"India’s leading natural and organic groceries retailer, The","... the beginning of our journey to provide chemical-free, worry-free living to more people across India,” said Gaurav Manchanda, Founder, Nimida Group, ...",https://www.pninews.com/indias-leading-natural-and-organic-groceries-retailer-the-organic-world-to-add-30-new-stores-in-hyderabad/,pninews.com,TOW,2026-04-16T12:01:57
12,The Organic World launches largest organic store in Bengaluru -,"Gaurav Manchanda, Founder & Director, of the Nimida Group, the parent company of The Organic World, said, “We are excited to bring The Organic ...",https://nuffoodsspectrum.in/2023/10/03/the-organic-world-launches-largest-organic-store-in-bengaluru.html,nuffoodsspectrum.in,TOW,2026-04-16T12:01:57
13,ITC to acquire 24 Mantra Organic for ₹472 crore - The Hindu,"Hemant Malik, Wholetime Director, ITC Ltd said, “Aligning with national priorities, we are confident that 24 Mantra Organic will fortify ITC’s presence and market standing in the high growth organic products space, in both Indian and overseas markets”.",https://www.thehindu.com/business/itc-to-acquire-24-mantra-organic-for-472-crore/article69462164.ece,thehindu.com,competitor,2026-04-16T12:02:04
14,24mantraorganic.com/pages/our-core-initiatives,"At 24 Mantra Organic, we believe that healthy soil is the cornerstone of sustainable agriculture and global food security. The alarming loss of over 50% of the world’s fertile topsoil in the past century, soil that supports 95% of our food production, poses a critical challenge.",https://24mantraorganic.com/pages/our-core-initiatives,24mantraorganic.com,competitor,2026-04-16T12:02:04
15,ITC completes acquisition of 24 Mantra Organic brand owner Sresta...,"This will help ITC to expand its play in the fast-growing organic food products segment. Multi-conglomerate ITC has completed the acquisition of Sresta Natural Bioproducts, which owns the ’24 Mantra Organic brand’ in an all-cash deal valued at Rs 472.50 crore.",https://www.moneycontrol.com/news/india/itc-completes-acquisition-of-24-mantra-organic-brand-owner-sresta-natural-13121749.html,moneycontrol.com,competitor,2026-04-16T12:02:04
16,"24 Mantra Organic Roasted Vermicelli Pouch - 400gms, 100...","Manufacturer. 24 Mantra Organic, SRESTA NATURAL BIOPRODUCTS PVT LTD, H.no.8-2-468/A/1/3, Road no.5, Banjara hills, Hyderabad, Telangana, Pin-500034. INDIA See more.",https://www.amazon.in/24-Mantra-Organic-Vermicelli-Wholewheat/dp/B093LQ7R9G,amazon.in,competitor,2026-04-16T12:02:04
17,24 Mantra Organic’s Range of Honey Infusions - Food & Beverage,"24 Mantra Organic has over 200 organic food products across three broad categories – cooking essentials, packaged foods and beverages, available across the country in 10,000+ outlets, and its own exclusive stores in Hyderabad, Bangalore and Chennai.",https://theorganicmagazine.com/food-and-beverage/sustainability/24-mantra-organics-range-of-honey-infusions/,theorganicmagazine.com,competitor,2026-04-16T12:02:04
18,24 Mantra Organic Reviews by 21 Employees 2024 | AmbitionBox,"24 Mantra Organic is rated 3.7 out of 5, based on 21 reviews by employees on AmbitionBox. 24 Mantra Organic is known for Job Security which is rated at the top and given a rating of 3.8.",https://www.ambitionbox.com/reviews/24-mantra-organic-reviews,ambitionbox.com,competitor,2026-04-16T12:02:04
19,ITC bets big on organic food market with 24 Mantra,"ITC, which recently acquired Hyderabad-based 24 Mantra Organic, is doubling down on the fast-growing packaged organic food market, banking on rising ...",https://www.newindianexpress.com/business/2025/Nov/29/itc-bets-big-on-organic-food-market-with-24-mantra,newindianexpress.com,competitor,2026-04-16T12:02:09
20,Organic farmers’ market ‘EatchMandi’ stands,Hyderabad: Organic has become the most heard word in the recent past ... ITC to acquire Hyderabad-based 24 Mantra Organic for Rs 472.50 crore,https://telanganatoday.com/organic-farmers-market-eatchmandi-stands-out,telanganatoday.com,competitor,2026-04-16T12:02:09
21,Ventureast News,"Hyderabad-based Sresta Natura Bioproducts, which owns the largest packaged organic food brand 24 Mantra, has filed a draft red herring prospectus ...",https://www.ventureast.net/news,ventureast.net,competitor,2026-04-16T12:02:09
22,"From ITC, HUL to Marico: Why big FMCG is paying billions for","... home to Ching’s Secret and Smith & Jones, and Organic ... ITC has bought into Yoga Bar and acquired 24 Mantra through an earn-out structure.",https://www.financialexpress.com/business/news/from-itc-hul-to-marico-why-big-fmcg-is-paying-billions-for-brands-youve-only-seen-on-instagram/4133698/,financialexpress.com,competitor,2026-04-16T12:02:09
23,Indian Organic Industry,... lead to increased competition from traditional and larger retailers seeking to expand their product ranges and provide complementary organic products.,https://blog.sathguru.com/food-and-retail/indian-organic-industry/,blog.sathguru.com,competitor,2026-04-16T12:02:09
24,No IPO plans to revamp on internal investments: MacDonald North,"ITC Limited has signed a share purchase agreement to acquire Hyderabad-based Sresta Natural Bioproducts, the owner of the 24 Mantra Organic brand, in ...",https://agronfoodprocessing.com/no-ipo-plans-to-revamp-on-internal-investments-macdonald-north-east-chairman/,agronfoodprocessing.com,competitor,2026-04-16T12:02:09
25,"24 Mantra, Kachiguda, Hyderabad - Justdial","24 Mantra in Kachiguda, Hyderabad 24 Mantra in Hyderabad is one of the leading businesses in the Organic Food Retailers. Find Address, Contact Number, Reviews & Ratings, Photos, Maps of 24 Mantra, Hyderabad. Sresta, founded in 2004, is a pioneering leader in the organic food sector in India, dedicated to transforming the food habits of Indians towards healthier, chemical-free options. With a ...",https://www.justdial.com/Hyderabad/24-Mantra-Kachiguda/040PXX40-XX40-240912051341-L6R7_BZDET,justdial.com,competitor,2026-04-16T12:02:13
26,"24 Mantra Organic Reviews in Hyderabad, India | Glassdoor","4 24 Mantra Organic reviews in Hyderabad, India. A free inside look at company reviews and salaries posted anonymously by employees.","https://www.glassdoor.com/Reviews/24-Mantra-Organic-Hyderabad-Reviews-EI_IE5175329.0,17_IL.18,27_IM1076.htm",glassdoor.com,competitor,2026-04-16T12:02:13
27,24 Mantra Organic Farm Shop - Organic food store | ZAUBEE,"24 Mantra Organic Farm Shop is a Organic food store located in Bus Stop, HIG 72, opp. Water Tank, Near Temple, Hyderabad, Telangana, IN . The business is listed under organic food store category. It has received 176 reviews with an average rating of 4.1 stars.",https://zaubee.com/biz/24-mantra-organic-farm-shop-bqcm5wde,zaubee.com,competitor,2026-04-16T12:02:13
28,Naturally Yours Organic Neem Powder: Buy packet of... | 1mg,Home Covid Essentials Support Your Immunity naturally yours organic neem powder.Safety Information: Read the label carefully before use. Store in a cool dry place away from direct sunlight. Keep out of reach of the children.,https://www.1mg.com/otc/naturally-yours-organic-neem-powder-otc494139,1mg.com,competitor,2026-04-16T12:02:19
29,Naturally Yours - Organic & Natural Lifestyle Store | Facebook,"Naturally Yours/Satvika is higher in price than Organic Garden and also have terrible customer service. Organic Garden does not always have produce in stock. I would appreciate any leads for Mumbai. Thanks, Darshini. 1 Organic - Natural - Product & Food ( Orgánico - Biologique ) Ian Mbugua Ian MbuguaMay 9, 2025 ...",https://www.facebook.com/groups/naturallyyours/,facebook.com,competitor,2026-04-16T12:02:24
30,"Food safety flags violations at Zepto, Blinkit and more e ...","Nov 27, 2025 · Hyderabad: The Commissioner of Food Safety raided several warehouses of e-commerce platforms in Hyderabad and found several violations, including storage methods.",https://www.siasat.com/food-safety-flags-violations-at-zepto-blinkit-and-more-e-commerce-units-in-hyderabad-3305569/,siasat.com,competitor,2026-04-16T12:02:51
31,"Zepto vs Blinkit vs Instamart — Market Share, Revenue ...","Oct 3, 2025 · India’s quick-commerce market (10–60 minute grocery delivery) has consolidated quickly around three leaders: Blinkit (Zomato/Eternal), Zepto, and Swiggy Instamart. Together they control the lion’s share of quick commerce in big metros.",https://www.ciim.in/zepto-vs-blinkit-vs-instamart-market-share-revenue-profit-a-case-study-2024-20265/,ciim.in,competitor,2026-04-16T12:02:51
32,Zepto IPO: How it stacks up against listed rivals Blinkit ...,"2 days ago · Zepto is preparing for IPO as India’s quick commerce market grows more competitive. Blinkit leads in scale and has recently moved closer to profitability, while Swiggy Instamart continues to expand but remains loss-making. All three players are racing for growth while working towards sustainable profits.",https://economictimes.indiatimes.com/tech/technology/zepto-ipo-how-it-stacks-up-against-listed-rivals-blinkit-instamart/articleshow/130261037.cms,economictimes.indiatimes.com,competitor,2026-04-16T12:02:51
33,Top 20 Best Online Grocery Startups in India in 2025,"... Blinkit, Amazon Fresh, Nature’s Basket, Reyfeber, Zepto, Fraazo, SPAR, True Elements, More Retail, FreshToHome, Flipkart, Supermarket, StarQuik, and ...",https://viestories.com/top-20-best-online-grocery-startups-in-india-2023/,viestories.com,competitor,2026-04-16T12:02:51
34,"PDF Flipkart Minutes expands its 10-minute delivery in Hyderabad, Delights ...","Hyderabad - October 28, 2025: Flipkart, India's homegrown e-commerce marketplace, announced the launch of Micro Fulfilment Centers (MFCs) in Hyderabad as part of its quick commerce offering, Flipkart Minutes, reinforcing its commitment to delivering daily essentials in 10 minutes and ensuring convenience, speed, and value for consumers. The MFCs are located in key metropolitan areas, such ...",https://storiesflistgv2.blob.core.windows.net/stories/2025/11/Approved-Flipkart-Minutes-Launches-Micro-Fulfillment-Centers-in-Hyderabad-to-enable-quick-delivery.docx.pdf,storiesflistgv2.blob.core.windows.net,competitor,2026-04-16T12:02:55
35,"Online Grocery market in India sees strong growth, but fresh","Despite the growing adoption of online grocery platforms, both urban and the rest of India consumers continue to prefer buying fresh produce and non ...",https://www.calcuttanews.net/news/278690526/online-grocery-market-in-india-sees-strong-growth-but-fresh-produce-purchases-remain-largely-offline-pwc-report,calcuttanews.net,market_trend,2026-04-16T12:03:43
36,India Online Grocery Market | CAGR & Forecast 2031,"India Online Grocery Industry is experiencing rapid transformation, driven by shifting consumer behaviours and increasing internet penetration.",https://www.6wresearch.com/industry-report/india-online-grocery-market-outlook,6wresearch.com,market_trend,2026-04-16T12:03:43
37,Online grocery business model is yet to be cracked!,"Usually, the Indian consumers have a habit of buying grocery products from trusted local stores and big brands.“The approach towards online grocery ...",https://www.franchiseindia.com/entrepreneur/article/features/start-up/Online-grocery-business-model-is-yet-to-be-cracked-651,franchiseindia.com,market_trend,2026-04-16T12:03:43
38,Organized Grocery Retail in India | Redseer Insights,"... India’s retail basket, Food & Grocery ... Organized Food & Grocery share in India is low compared to other developed and developing market",https://redseer.com/newsletters/organized-grocery-retail-in-india-2/,redseer.com,market_trend,2026-04-16T12:03:43
39,"Indian Online Grocery Market Trends, Size, Share and Forecast","... COVID-19) crisis takes over the world, we are continuously tracking the changes in the markets, as well as the purchase behaviours of the consumers ...",https://www.internationaltechnology.com/news/268206265/indian-online-grocery-market-trends-size-share-and-forecast-2021-2026,internationaltechnology.com,market_trend,2026-04-16T12:03:43
40,Top 5 Trends That Will Shape The Grocery Industry In 2023,... grocery industry is constantly evolving and ... The COVID-19 pandemic caused a significant shift in consumer behaviour toward online grocery shopping.,https://appdevelopmentcompanies.co/technology/top-5-trends-that-will-shape-the-grocery-industry-in-2023,appdevelopmentcompanies.co,market_trend,2026-04-16T12:03:43
41,"Everyday Spices - Turmeric powder, Red chilli powder, Coriander","Organic Tattva is an online retailer offering pure, certified organic food products across categories like flours, pulses, oils, dry fruits, health ...",https://organictattva.com/products/everyday-spices-turmeric-powder-red-chilli-powder-coriander-powder-cumin-whole-brown-mustard-amchur-powder,organictattva.com,market_trend,2026-04-16T12:04:14
42,Premium Whole Cinnamon (Dar Cheeni) - 100% Natural Organic,Premium Turmeric Powder (Haldi Powder) – 100% Natural Organic & Pure | Rich in Antioxidants & Flavour | Best Price in Pakistan,https://lyallpurorganics.com/whole-cinnamon-dar-cheeni/,lyallpurorganics.com,market_trend,2026-04-16T12:04:14
43,FNB News - The Organic World to add 30 new stores in Hyderabad...,"The expansion plan comes on the back of an overwhelming response that the brand received from consumers, across their stores and online channels. Gaurav Manchanda, founder, Nimida Group, the parent company of The Organic World, said...",https://fnbnews.com/Top-News/the-organic-world-to-add-30-new-stores-in-hyderabad-plans-for-2hour-delivery-service-to-drive-convenience--quick-commerce-80305,fnbnews.com,TOW,2026-04-16T12:07:24
44,News details - hyderabad.theorganicworld.com,Hyderabad has been strategically selected for this expansion due to its diverse population and increasing demand for chemical-free products. TOW's entry into this market is aligned with its broader goal of reaching 100 stores or generating 100 crore revenue by the end of 2025.,https://hyderabad.theorganicworld.com/news-details/1,hyderabad.theorganicworld.com,TOW,2026-04-16T12:07:29
45,The Organic World to Open 30 New Stores in Hyderabad,"6th December 2024: The Organic World (TOW), India's No.1 Responsible Retailer and part of the Bengaluru-based Nimida Group, is targeting the addition of 30 new stores in Hyderabad, by the end of 2025. In September this year, TOW marked its foray out of Karnataka with the launch of its first store in Hyderabad in Pragathi Nagar. This targeted expansion marks a pivotal step in TOW's ...",https://businessnewsthisweek.com/business/the-organic-world-to-open-30-new-stores-in-hyderabad/,businessnewsthisweek.com,TOW,2026-04-16T12:07:29
46,The Organic World to Add 30 New Stores in Hyderabad,"The Organic World (TOW), India's No.1 Responsible Retailer and part of the Bengaluru-based Nimida Group, is targeting the addition of 30 new stores in Hyderabad, by the end of 2025. In September this year, TOW marked its foray out of Karnataka with the launch of its first store in Hyderabad in Pragathi Nagar. This targeted expansion marks a pivotal step in TOW's strategic growth as it aims ...",https://www.businessoffood.in/the-organic-world-to-add-30-new-stores-in-hyderabad/,businessoffood.in,TOW,2026-04-16T12:07:29
47,"India's leading natural and organic groceries retailer, The Organic ...","The expansion in Hyderabad is part of TOW's broader plans to strengthen its presence in major urban centres and tier 2 and tier 3 cities across India, including Bangalore, Mysore, Chennai and Coimbatore.The expansion will include a mix of company-owned (COCO) and franchise-operated (FOFO) stores strategically located in key catchment areas.",https://www.5dariyanews.com/news/445240-Indias-leading-natural-and-organic-groceries-retailer-The-Organic-World-to-add-30-new-stores-in-Hyderabad,5dariyanews.com,TOW,2026-04-16T12:07:29
48,Redefining responsible retailing - Gaurav Manchanda | The Organic World,"In this interview with Republic World, our founder Gaurav Manchanda shares insights on The Organic World's journey, the inspiration behind ventures like Osh Homecare and Wellbe Foods and his ...",https://www.linkedin.com/feed/update/urn:li:activity:7260166424306843649/,linkedin.com,TOW,2026-04-16T12:07:33
49,"BIOFACH INDIA - INDUSTRY CONNECT PODCAST with GAURAV MANCHANDA, ORGANIC ...","In this podcast episode featuring Gaurav Manchanda, the founder of Organic World, a retail store committed to providing groceries free of harmful chemicals, we explore the remarkable journey of ...",https://www.youtube.com/watch?v=pctWTVWxAXM,youtube.com,TOW,2026-04-16T12:07:33
50,Why is The Organic World Wary of Online and Quick Commerce? Gaurav ...,"The Organic World founder and director Gaurav Manchanda shares details about the company's growth strategy, the reasons for staying away from quick commerce, and its upcoming outlets, and more.",https://www.outlookbusiness.com/corporate/why-is-the-organic-world-wary-of-online-and-quick-commerce-gaurav-manchanda-explains,outlookbusiness.com,TOW,2026-04-16T12:07:33
51,How The Organic World Is Redefining Responsible Retailing In India,""" Consumers today are far more conscious and are moving beyond front-of-pack claims to actively question ingredient lists, sourcing, and how products are made,"" says Gaurav Manchanda, Founder ...",https://www.outlookindia.com/hub4business/how-the-organic-world-is-redefining-responsible-retailing-in-india,outlookindia.com,TOW,2026-04-16T12:07:33
52,Offline customer acquisition cost is much more sustainable: Gaurav ...,"Gaurav Manchanda, Founder and Director, The Organic World, says the market for organic products in India is growing faster than it is globally.",https://www.medianews4u.com/offline-customer-acquisition-cost-is-much-more-sustainable-gaurav-manchanda-the-organic-world/,medianews4u.com,TOW,2026-04-16T12:07:33
53,From Source To Shelf: The Organic World's Commitment To Clean And ...,"""At The Organic World, we've always been guided by a simple promise: to make worry-free, everyday choices, affordable, accessible, and authentic,"" says Gaurav Manchanda, Founder and Director ...",https://www.mid-day.com/buzz/article/from-source-to-shelf-the-organic-worlds-commitment-to-clean-and-transparent-living-6604,mid-day.com,TOW,2026-04-16T12:07:33
54,ITC to buy 24 Mantra Organic for ₹472.5 crore to power its healthy...,"“We are excited to have 24 Mantra Organic as part of ITC’s Foods Business’s portfolio of nutrition-led healthy foods products,” said Hemant Malik, Wholetime Director, ITC Limited. “Aligning with national priorities, we are confident that 24 Mantra Organic will fortify ITC’s presence and market...",https://www.businesstoday.in/latest/corporate/story/itc-to-buy-24-mantra-organic-for-rs4725-crore-to-power-its-healthy-foods-portfolio-472495-2025-04-17,businesstoday.in,competitor,2026-04-16T12:07:40
55,ITC to acquire 24 Mantra Organic - a pioneer in organic packaged foods,"Commenting on this acquisition, Mr. Hemant Malik, Wholetime Director, ITC Limited stated, ""We are excited to have 24 Mantra Organic as part of ITC's Foods Business's portfolio of nutrition-led healthy foods products. 24 Mantra Organic has built a robust backend and sourcing network which is core to its trusted organic products portfolio.",https://www.itcportal.com/media-centre/press-releases/itc-to-acquire-24-mantra-organic-a-pioneer-in-organic-packaged-foods.html,itcportal.com,competitor,2026-04-16T12:07:44
56,ITC seals deal to buy organic foods brand 24 Mantra owner,"ITC seals deal to buy organic packaged foods brand 24 Mantra owner Sresta Natural's range includes more than 100 organic items across categories such as, spices, condiments and edible oils.",https://www.just-food.com/news/itc-deal-24-mantra-owner/,just-food.com,competitor,2026-04-16T12:07:44
57,ITC Acquires Organic FMCG Brand 24 Mantra Organic for ₹472.5 Crore,"ITC Acquires Organic FMCG Brand 24 Mantra Organic for ₹472.5 Crore In a significant move to strengthen its position in the rapidly growing organic foods segment, ITC Limited announced on Thursday, April 17, 2025, that it has signed a definitive agreement to acquire 100% share capital of Sresta Natural Bioproducts Private Limited (SNBPL), the company behind the renowned '24 Mantra Organic ...",https://news.teqmocharts.com/2025/04/itc-acquires-24-mantra-organic-for-4725.html,news.teqmocharts.com,competitor,2026-04-16T12:07:44
58,ITC Limited Strengthens Health Portfolio with Acquisition of 24 Mantra ...,"In a strategic stride toward redefining India's wellness-driven FMCG landscape, ITC Limited has announced the acquisition of Sresta Natural Bioproducts Pvt. Ltd., the parent company of 24 Mantra Organic, in a landmark ₹472.5 crore all-cash deal. The move marks a significant chapter in ITC's ""Next Strategy,"" a vision focused on health, sustainability, and premium product […]",https://digiscoop.net/2025/05/05/itc-to-acquire-24-mantra-organic-in-₹472-5-cr-deal-to-strengthen-play-in-organic-foods/,digiscoop.net,competitor,2026-04-16T12:07:44
59,Buy Organic Foods Online | Organic Food Company | Hyderabad,"Pick from a potpourri of staples, oils, breakfast specials and special delicacies as we bring you all your essentials packed in healthy organic ...",https://www.greenstation.co/,greenstation.co,competitor,2026-04-16T12:07:56
60,The Affordable Organic Store Takes the Lead in Green Living,"Hyderabad, (Telangana), [India], November 12, 2024: The Affordable Organic Store is taking Hyderabad by storm with its monthly plantation drives, ...",https://thetelegraphnews.com/the-affordable-organic-store-takes-the-lead-in-green-living-with-monthly-plantation-drives-in-hyderabad/,thetelegraphnews.com,competitor,2026-04-16T12:07:56
61,"BlinkIt & Zepto Dominate Hyderabad's Grocery Market, Local Kirana Shops ...","Hyderabad's grocery market is witnessing a dramatic shift as quick-commerce giants BlinkIt and Zepto continue to expand their dominance. These platforms, known for their rapid 10-minute deliveries, are significantly impacting traditional Kirana shops and local supermarkets, forcing many to shut down operations due to declining sales.",https://www.telanganatribune.com/blinkit-zepto-dominate-hyderabads-grocery-market-local-kirana-shops-struggle-to-survive/,telanganatribune.com,competitor,2026-04-16T12:08:24
62,"Tracking Grocery Discounts on Blinkit, Zepto & JioMart - India 2025","Introduction With rising grocery inflation and hyperlocal competition, 2025 has seen a dramatic shift in how consumers shop for essentials. Quick commerce apps like Blinkit, Zepto, and JioMart are offering dynamic discounts that change hourly.",https://www.productdatascrape.com/tracking-grocery-discounts-blinkit-zepto-jiomart-india.php,productdatascrape.com,competitor,2026-04-16T12:08:24
63,2025 Organic Food Market Growth: Sustainability and Innovation,"The organic food market growth in 2025 is accelerating faster than ever before, fueled by rising consumer demand for healthier, more sustainable ...",https://scangeni.us/organic-food-market-growth-2025-sustainability-trends/,scangeni.us,market_trend,2026-04-16T12:09:14
64,"India Organic Food Market Size, Share, Trends, Forecast 2031",The major factor driving the growth of the India organic food market is rising awareness among consumers about the harmful effects of pesticide ...,https://www.gmiresearch.com/report/india-organic-food-market/,gmiresearch.com,market_trend,2026-04-16T12:09:14
65,Consumer Behaviour-Attitude | PPT,"Consumer Behavior - Organic Food in India. byKriti Singhal. 25 slides17.4K views.Consumer behaviour, Attitude and perception towards organic products- A study... byMeghalaya state Rural Livelihood society implementation agency NRLM.",https://www.slideshare.net/slideshow/consumer-behaviourattitude/14713031,slideshare.net,market_trend,2026-04-16T12:09:18
66,"Healthy Grocery, Organic Food... | Sprouts Farmers Market","Our neighborhood grocery stores offer thousands of natural, organic & gluten-free foods. Discover fresh produce, meats, vitamins, supplements & more.",https://www.sprouts.com/,sprouts.com,market_trend,2026-04-16T12:09:18
67,ThredUp spots a worrisome trend in consumer behavior - TheStreet,"“In 2025, the U.S. secondhand market grew nearly 4X faster than the broader retail clothing market.” The implications of that tell a troubling story about consumer sentiment and behavior. ThredUp says secondhand shopping is essential for many shoppers.",https://www.thestreet.com/retail/thredup-spots-a-worrisome-trend-in-consumer-behavior,thestreet.com,market_trend,2026-04-16T12:09:18
68,Rice in Hyderabad - Latest Price & Mandi Rates from Dealers in Hyderabad,"Find here details of companies selling Rice in Hyderabad, Telangana. Get latest info on Rice, suppliers, wholesale suppliers, retailers & traders with Rice, Blue Bird Basmati Rice, Chawal prices for buying.",https://dir.indiamart.com/hyderabad/rice.html,dir.indiamart.com,market_trend,2026-04-16T12:09:46
69,Rice in Hyderabad - Latest price & Wholesale rate from dealers in Hyderabad,"Get verified contacts of Rice suppliers, manufacturers, wholesalers, retailers & traders in Hyderabad, Telangana. Compare latest prices & discover trusted wholesale suppliers near you. All info you need to buy Good quality Rice online at best rates. Also check the latest Rice prices in Hyderabad, Telangana for buying.",https://www.commodityonline.com/market-place/grains/rice-telangana-hyderabad/18/32/578,commodityonline.com,market_trend,2026-04-16T12:09:46
70,Organic Rice in Hyderabad - Get Latest Price & Mandi rates from Dealers ...,"Find Organic Rice manufacturers, Organic Rice suppliers, exporters, wholesalers and distributors in Hyderabad - List of Organic Rice selling companies from Hyderabad , Get contact details & address",https://www.exportersindia.com/hyderabad/organic-rice.htm,exportersindia.com,market_trend,2026-04-16T12:09:46
71,Organic Rice In Hyderabad Telangana At Best Price | Organic Rice ...,"Get organic rice in Hyderabad, Telangana at best price. Find list of organic rice manufacturers, suppliers located in Secunderabad & near by cities.",https://www.tradeindia.com/hyderabad/organic-rice-city-196467.html,tradeindia.com,market_trend,2026-04-16T12:09:46
72,"Amazon.com : 24 Mantara Organic Flour, Ragi, 2 Pound : Everything...","Brand: 24 Mantra Organic. Amazon's Choice highlights highly rated, well-priced products available to ship immediately.Feedback. Would you like to tell us about a lower price? 24 Mantara Organic Flour, Ragi, 2 Pound. Share",https://www.amazon.com/Organic-Finger-Millet-Flour-Ragi/dp/B008P0X9AK,amazon.com,market_trend,2026-04-16T12:09:49
73,24 Mantra – Oooooya Goodness Store,Turmeric powder by 24 Mantra is an organic spice with extensive and multiple uses. Use it as a spice in your food or use it for cosmetic and medici...24 Mantra organics rice flour is obtained from finely ground rice. It is milled from raw white rice and is used in making numerous tasty dishes.,https://oooooya.com/collections/24-mantra,oooooya.com,market_trend,2026-04-16T12:09:49
74,The Organic World Expands to Coimbatore - dairynews.today,"The Organic World, a leading Indian responsible retailer, expands to Coimbatore, offering a range of organic products including fresh fruits, vegetables, and dairy. The Organic World (TOW), part of the Bengaluru-based Nimida Group, has further extended its reach by establishing a presence in Coimbatore, Tamil Nadu.",https://dairynews.today/news/the-organic-world-expands-to-coimbatore.html,dairynews.today,TOW,2026-04-16T12:20:56
75,The Organic World wins the responsible Retail award at the India Food ...,"This award - one of the top three honours of the evening - places The Organic World, part of the Bengaluru-based Nimida Group, alongside some of India's biggest names in retail, underscoring its leadership in driving responsible retail practices.",https://indiabuzztimes.com/the-organic-world-wins-the-responsible-retail-award-at-the-india-food-forum-2025/,indiabuzztimes.com,TOW,2026-04-16T12:20:56
76,The Organic World Plans 30 New Stores in Hyderabad,"The expansion in Hyderabad is part of TOW's broader plans to strengthen its presence in major urban centres and tier 2 and tier 3 cities across India, including Bangalore, Mysore, Chennai and Coimbatore.The expansion will include a mix of company-owned (COCO) and franchise-operated (FOFO) stores strategically located in key catchment areas.",https://businessnewsweek.in/business/the-organic-world-plans-30-new-stores-in-hyderabad/,businessnewsweek.in,TOW,2026-04-16T12:21:00
77,7 Top Grocery Delivery Apps in India,"In 2022, Zomato acquired Blinkit and invested 300 cr in it to compete with Swiggy Instamart and Zepto. ... beverages, household essentials, organic ...",https://www.grabon.in/indulge/food/instant-grocery-delivery-apps/,grabon.in,competitor,2026-04-16T12:23:14
78,How to Sell on Blinkit and Zepto: Complete Guide (2026),But here ’ s what catches most brands off guard: selling on Blinkit and Zepto is fundamentally different from selling on Amazon or Flipkart.,https://www.digitaldawn.in/how-to-sell-on-blinkit-zepto-vendor-registration-guide/,digitaldawn.in,competitor,2026-04-16T12:23:14
79,"Zepto, Blinkit, Instamart face a new rival in Delhi’s 10-min delivery war","Quick commerce, or Q-commerce, has taken off in India as more urban consumers demand fast and reliable delivery of everyday products. What started with groceries has now extended to a wider range of items including electronics, snacks, medicines, and even stationery.",https://www.indiatoday.in/business/story/amazon-now-delivery-zepto-blinkit-swiggy-instamart-flipkart-minute-new-rival-delhi-10-minute-delivery-quick-commerce-2753688-2025-07-10,indiatoday.in,competitor,2026-04-16T12:23:20
80,Consumer Behaviour Regarding Organic Food in India: A Review ...,"This paper synthesizes existing research to provide a comprehensive understanding of the evolving landscape of organic food consumption in India, highlighting key drivers and barriers.",https://www.ijfmr.com/papers/2025/4/52882.pdf,ijfmr.com,market_trend,2026-04-16T12:25:42
81,Consumers buying behavior towards organic food products: A ...,"The paper discusses customers’ attitude and intentions that affect consumer buying behavior towards organics food products. These findings are extracted from various research conducted around the globe and factors are analyzed, and recommendations are provided for future research.",https://ijsra.net/sites/default/files/fulltext_pdf/IJSRA-2025-2817.pdf,ijsra.net,market_trend,2026-04-16T12:25:42
82,Literature Review on Marketing Strategies on Consumer Buying ...,"This literature review examines the influence of marketing strategies—specifically the 7 P’s (Product, Price, Place, Promotion, People, Process, and Physical Evidence)—on consumer purchasing behaviour toward organic food products in India.",https://ijrar.org/papers/IJRAR25D1221.pdf,ijrar.org,market_trend,2026-04-16T12:25:42
83,A Study on Consumer Behaviour towards Purchase Intention of,"garding the intention to purchase organic food products (OFPs) in Chennai, India. It focuses on a sample of 133 respondents from the Generation Z demographic, exploring key factors that drive purchase intentions, including consumer knowledge,",https://drbgrpublications.in/wp-content/uploads/2025/Special-Issue/13_NC-161-organic-food-products-article-for-con.pdf,drbgrpublications.in,market_trend,2026-04-16T12:25:42
84,Basmati Rice Dealers in Hyderabad | Basmati Chawal Suppliers &,"Ltd., based in Hyderabad, Telangana, is a trusted name in premium rice production. ... This organic long-grain rice boasts a golden hue and a grain ...",https://www.indianyellowpages.com/hyderabad/basmati-rice.htm,indianyellowpages.com,market_trend,2026-04-16T12:26:13
85,"24 Mantra Organic Flour - Jowar, 500 g Pouch","Priceo > Price > Grocery Price > Flour Price > 24 Mantra Organic Flour – Jowar, 500 g Pouch.Check Price. Sorghum is also called Jowar and is known to be an important coarse-grained food crop.",https://india.priceo.in/price/grocery/flour/24-mantra-organic-flour-jowar-500-g-pouch/,india.priceo.in,market_trend,2026-04-16T12:26:19
86,Retail with a conscience: The Organic World - StoryDekho,"Manchanda Concludes. Small, consistent efforts can make a big difference. At The Organic World, for instance, all vegetables and fruits are sourced from organic-certified farms that follow only organic and sustainable farming practices. Moreover, the stores don't trash unsold fruits and vegetables, but use them as organic cow fodder in the farms.",https://www.storydekho.com/retail-with-a-conscience-the-organic-world-,storydekho.com,TOW,2026-04-16T12:33:23
87,Redefining responsible retailing - Gaurav Manchanda - Republic World,"As the founder of Nimida Group, a Bengaluru-based company espousing clean and sustainable living, Gaurav Manchanda has been at the forefront of India's responsible retail landscape through multiple initiatives including The Organic World - a chain of organic and natural retail stores. Launched in 2017 as a pilot project in Bengaluru, the brand is built on three foundational pillars ...",https://www.republicworld.com/initiatives/redefining-responsible-retailing-gaurav-manchanda,republicworld.com,TOW,2026-04-16T12:33:23
88,ITC Acquires 24 Mantra Organic For ₹472.50 Crore,ITC Limited has acquired 100% of Sresta Natural Bioproducts (24 Mantra Organic) for ₹472.50 crore. This acquisition will boost..,https://www.corptrendz.com/itc-acquires-24-mantra-organic/,corptrendz.com,competitor,2026-04-16T12:34:39
89,ITC to acquire Hyderabad-based 24 Mantra Organic for Rs 472.50 crore,"New Delhi: Multi-conglomerate ITC will acquire Sresta Natural Bioproducts, which owns the '24 Mantra Organic' brand, in an all-cash deal valued at Rs 472.50 crore, to expand its play in the fast-growing organic food products.",https://eveningstandard.in/itc-to-acquire-hyderabad-based-24-mantra-organic-for-rs-472-50-crore/,eveningstandard.in,competitor,2026-04-16T12:34:39
90,ITC Adds 24 Mantra to its List of Acquisitions in ₹472.5 Crore Deal,"Healthy Growth Potential The ₹472.5 crore acquisition of 24 Mantra gives ITC a firm footing in India's growing ₹10,000 crore organic food market, which is expected to grow at 15-20% annually. The deal brings over 100 organic products under ITC's wing, spanning rice, pulses, spices, oils, snacks, and beverages.",https://marksmendaily.com/business/itc-adds-24-mantra-to-its-list-of-acquisitions-in-₹472-5-crore-deal/,marksmendaily.com,competitor,2026-04-16T12:34:39
91,"Healthy, organic foods from Raj Seelam's 24 Mantra - Civil Society...","Through 24 Mantra Organic they make a return to middle-class kitchens. It was in 2004 that Seelam launched Sresta Natural Bioproducts Ltd. Months later, the brand 24 Letter Mantra Organic was created.",https://civilsocietyonline.com/business/organic-bottom-line-24-mantra-promotes-healthy-eating/,civilsocietyonline.com,competitor,2026-04-16T12:34:48
92,Design a Power BI dashboard for organic food products of Sresta - 24...,Sresta Organics 24 Mantra is a category leader in organic food and staples. Their operations span over 7000 retail locations in the country and across all major e-commerce platforms.,https://www.mentormind.in/menternships/design-a-power-bi-dashboard-for-organic-food-products-of-sresta-24-mantra,mentormind.in,competitor,2026-04-16T12:34:48
93,Sresta Set To Chant Organic '24 Mantras' In Chicagoland Soon »...,"CHICAGO: With over decade long experience under its belt, a Hyderabad based grocery firm offering organic food Sresta Natural Bioproducts, plans expanding its.",https://indiapost.com/sresta-set-to-chant-organic-24-mantras-in-chicagoland-soon/,indiapost.com,competitor,2026-04-16T12:34:48
94,Buy 24 Mantra Organic White Whole Urad 500 g Online at... - JioMart.,"Description. 24 Mantra Organic Gota Urad is one of the most used ingredients in the Indian kitchen. It is popularly soaked and ground to make batter for dosas, idlis, vadas, etc.General Information. Brand. 24 Mantra Organic. Manufacturer. Sresta Natural Bioproducts Pvt. Ltd.",https://www.jiomart.com/p/groceries/24-mantra-organic-urad-gota-500-g/491165124,jiomart.com,competitor,2026-04-16T12:34:48
95,"ITC on acquisition spree: Buys majority stake in Mother Sparsh, 24...","The conglomerate to acquire 100% stake in Sresta Natural Bioproducts, the owner of 24 Mantra Organic, while it plans to buy remaining 73.50% shares in Mother Sparsh Baby Care. This story features.",https://www.fortuneindia.com/business-news/itc-on-acquisition-spree-buys-majority-stake-in-mother-sparsh-24-mantra-organic-for-554-cr/122293,fortuneindia.com,competitor,2026-04-16T12:34:48
96,ZEPTO's $500M Gamble: Why India's Quick Commerce War Is About...,"~3 min read · October 7, 2025 (Updated: October 7, 2025) · Free: No. Blinkit and Instamart are burning cash like there's no tomorrow. ZEPTO is trying to save cash and losing market share. Now it's raising $500 million. This might be India's most important startup battle of 2025.",https://freedium-mirror.cfd/732a909b9395,freedium-mirror.cfd,competitor,2026-04-16T12:35:33
97,Zepto: Can Speed Alone Build Market Leadership?,"With a 25% market share, Swiggy Instamart is the third-largest player in the sector, trailing Blinkit and Zepto. Unlike Zepto, Swiggy Instamart benefits from Swiggy’s existing customer base, allowing for cross-selling and reduced customer acquisition costs (Inc42 2025).",https://www.iipa.org.in/GyanKOSH/posts/zepto-can-speed-alone-build-market-leadership,iipa.org.in,competitor,2026-04-16T12:35:33
98,Zepto Success Story: How teenagers delivered groceries... | Traffic Tail,"Blinkit is planning to launch its 10-minute grocery delivery service in 10 cities, which will add to the competition for Zepto. Additionally, Dunzo also competes with Zepto by utilizing its Xpress Mart dark shop network to deliver groceries in Bengaluru in just 19 minutes.",https://traffictail.com/startups/zepto-success-story/,traffictail.com,competitor,2026-04-16T12:35:33
99,"Nature's Basket Coupon Codes, Offers & Deals Jun 2025","... organic gift baskets and other healthy food ... Select from various brands such as Organic India, Gaia, 24 Mantra Organic, Get Natures Best etc.",https://www.couponzeta.in/naturesbasket-coupons,couponzeta.in,market_trend,2026-04-16T12:38:38
100,The Next Wave of Natural & Organic Grocery Expansion...,"Natural Grocers expects to open 6 to 8 new stores in fiscal 2026 and has announced plans for its first Wisconsin store, a meaningful marker of continued whitespace expansion.",https://www.mcmillandoolittle.com/the-next-wave-of-natural-organic-grocery-expansion/,mcmillandoolittle.com,TOW,2026-04-16T12:58:51
101,Gudworld: Revolutionizing Jaggery for the Modern World -,"... life of one year, offer convenience and variety, positioning the brand as a strong competitor to established names like Organic India and 24 Mantra ...",https://startuphyderabad.com/gudworld-revolutionizing-jaggery-for-the-modern-world/,startuphyderabad.com,competitor,2026-04-16T13:00:18
102,ITC bets big on organic food market with 24 Mantra - MSN,"The organic packaged food segment in India has gained momentum with the entry of large FMCG players like ITC and Tata Consumer Products Ltd. ITC, which recently acquired Hyderabad-based 24 Mantra ...",https://www.msn.com/en-in/news/other/itc-bets-big-on-organic-food-market-with-24-mantra/ar-AA1RoHEt,msn.com,competitor,2026-04-16T13:00:24
103,11 Best Organic Food Stores In Hyderabad - Stylecraze,"Searching for organic food stores in Hyderabad? Check out these 10 stores that provide fresh, healthy, and chemical-free fruits, vegetables, and other products.",https://www.stylecraze.com/articles/best-organic-food-stores-in-hyderabad/,stylecraze.com,competitor,2026-04-16T13:00:36
104,Top Organic Grocery Stores in Hyderabad | MyOnely,"Discover Hyderabad's top organic grocery stores where purity, quality, and sustainability come first. Shop consciously with our transparent guide on MyOnely.",https://www.myonely.com/list/top-organic-grocery-stores-in-hyderabad,myonely.com,competitor,2026-04-16T13:00:36
105,50 best Organic & Health Food Stores in Hyderabad,"Here are the top organic and health food stores in Hyderabad, India. 24 Mantra Organic Store, Ambica Stores, Ar4Mangoes, Arogya Rahasya, Asian Agri Biotechnologies",https://www.organicfacts.net/organic-products/organic-stores/hyderabad.html,organicfacts.net,competitor,2026-04-16T13:00:36
106,"Foodstories | India's Finest Food Destination - Delhi, Hyderabad ...","Foodstories offers exceptional organic and hydroponic produce, global ingredients, and delicious stories from around the world, inspiring a radiant lifestyle in Delhi and Hyderabad.",https://www.foodstories.shop/,foodstories.shop,competitor,2026-04-16T13:00:36
107,"Exploring the Organic Market in India: Growth, Challenges, and Future ...","India's organic food market is one of the fastest-growing segments in the country's agriculture economy. Fuelled by rising health consciousness, government policy support, and expanding retail infrastructure, organic produce has moved from niche store shelves to mainstream supermarkets and online grocery platforms. Yet, for all its promise, the sector grapples with real challenges ...",https://agriculture.institute/organic-produce-economics-marketing/organic-market-india-growth-challenges-potential/,agriculture.institute,market_trend,2026-04-16T13:03:30
108,PwC's Voice of the Consumer 2025: India perspective,"The food industry is navigating dual pressures: intensifying supply chain constraints and rapidly evolving consumer demands for healthier, tech-integrated choices. Our voice of the consumer survey 2025 indicates that consumers are prioritising nutrition, affordability and sustainability - embracing local produce, digital grocery platforms and wellness technologies. Evolving consumer ...",https://www.pwc.in/industries/retail-and-consumer/pwcs-voice-of-the-consumer-2025.html,pwc.in,market_trend,2026-04-16T13:03:37
109,PDF Examining Indian Organic Food Purchase Behavior,"Abstract The aim of the study is to investigate the factors influencing consumer purchase intentions for organic food in India, focusing on the roles of traceability, certification, packaging, transparency, and the moderating effect on social media. The study is significant as it sheds light on the factors influencing organic food consumption in India, a growing market with unique socio ...",https://www.irjms.com/wp-content/uploads/2025/01/Manuscript_IRJMS_02937_WS.pdf,irjms.com,market_trend,2026-04-16T13:03:37
110,Identifying the factors influencing consumption behavior toward organic ...,"The current study aims to identify the factors influencing consumption behavior toward organic food in the Indian context. It also studies the effect of health and knowledge on the attitude of consumers and motivation on subjective norms. Moreover, it also identifies the challenges consumers face when making purchasing decisions, such as price and availability of organic food products ...",https://www.tandfonline.com/doi/full/10.1080/23311932.2025.2565381,tandfonline.com,market_trend,2026-04-16T13:03:37
111,PDF A study of consumer perceptions and attitudes toward organic foods,"The findings of this study provide valuable insights into consumer perceptions and attitudes toward organic foods in India, highlighting both the drivers and barriers influencing purchasing behavior.",https://www.managejournal.com/assets/archives/2025/vol11issue4/11061.pdf,managejournal.com,market_trend,2026-04-16T13:03:37
112,"24 Mantra Organic - Products, Competitors, Financials, Employees ...","About 24 Mantra Organic 24 Mantra Organic is a company that operates in the food and beverages industry, offering a variety of food items that are organically produced and sourced. It was founded in 2004 and is based in Hyderabad, India. In April 2025, 24Mantra was acquired by ITC.",https://www.cbinsights.com/company/24mantra,cbinsights.com,competitor,2026-04-16T16:40:48
113,ITC set to acquire 24 Mantra Organic brand in Rs 472.5 crore deal | Company News - Business Standard,"April 17, 2025 - The acquisition is ""in line with the strategy to augment the company's future-ready portfolio, the transaction will fortify ITC's presence and market standing in the high growth organic products segment in both Indian and overseas markets,"" it added. SNBPL's portfolio comprises a wide range of over 100 organic products, spanning branded grocery staples, spices and condiments, edible oils, and beverages, among others.",https://www.business-standard.com/companies/news/itc-set-to-acquire-24-mantra-organic-brand-in-rs-472-5-crore-deal-125041701408_1.html,business-standard.com,competitor,2026-04-16T16:40:52
114,ITC to acquire 24 Mantra Organic brand for Rs 472.5 crore - The Times of India,"April 17, 2025 - Diversified conglomerate ITC Ltd on Thursday announced that it will acquire Sresta Natural Bioproducts Pvt Ltd (SNBPL), the company behind the 24 Mantra Organic brand, for Rs 472.50 crore, in a move to strengthen its presence in the high-growth ...",https://timesofindia.indiatimes.com/business/india-business/itc-to-acquire-24-mantra-organic-brand-for-rs-472-5-crore/articleshow/120388904.cms,timesofindia.indiatimes.com,competitor,2026-04-16T16:40:52
115,Sresta,"Sresta offers over 200 137 products under the 24 Mantra Organic brand. The products are sold currently in USA, GCC Region, Europe, Asia-Pacific among others. Export enquiries are welcome for other regions. Our secondary processing units in Hyderabad have been issued the Food Safety Systems Certifications 22000 Explore more",https://sresta.com/,sresta.com,competitor,2026-04-16T16:40:57
116,Buy 24 Mantra Organic Bajra Flour Online at Best Price... - bigbasket,"Our Bajra Flour Organic is 100 % Organic.Bajra has been traditionally used as flour to make chapattis and rotis. It can be mixed with regular wheat flour and a pinch of salt to cook up a savoury wrap which can be consumed with dal, vegetables and other Indian dishes.",https://www.bigbasket.com/pd/1224428/24-mantra-organic-bajra-flour-2x500-g/,bigbasket.com,market_trend,2026-04-16T16:44:34
117,The Organic World – ‘Responsible Retailer’ offers ‘better ...,"May 3, 2022 · Here are excerpts of our recent interaction with Gaurav Manchanda, founder and director of The Organic World. FTB – Tell us about your vision of starting this business and entering the organic retail space, knowing that it will be bigger and more challenging.",https://www.foodtechbiz.com/opinion/the-organic-world-responsible-retailer-offers-better-choices-to-lead-a-chemical-free-lifestyle,foodtechbiz.com,TOW,2026-04-16T21:03:10
118,The Organic World | LinkedIn,🌟 🎙 Our Founder & Managing Director Gaurav Manchanda shares his thoughts on the dynamic world of retail and the roadmap ahead for The Organic World in this extensive interview.,https://in.linkedin.com/company/the-organic-world,in.linkedin.com,TOW,2026-04-16T21:03:10
119,Organic as a way of life - ET HospitalityWorld,"August 12, 2021 - Gaurav Manchanda, Founder of The Organic World and Nimida Group, its owning company. Bengaluru based The Organic World chain of non-franchisee multi brand organic and natural stores have big plans of expanding in other southern states. ETHospitalityWorld caught up with Gaurav Manchanda, Founder & Managing Director of the company about his brand and what makes it unique.",https://hospitality.economictimes.indiatimes.com/news/operations/food-and-beverages/organic-as-a-way-of-life/85238616,hospitality.economictimes.indiatimes.com,TOW,2026-04-16T21:03:10
120,24 Mantra - Smart Food,"February 6, 2021 - Banjara Hills, Hyderabad-500034. ... Founded in 2004, Sresta is a pioneer in organic foods. Through the brand name 24 Mantra, Sresta is one of the India’s largest organic food brands and works with 45,000 farmers in 15 states on 2,25,000 acres ...",https://www.smartfood.org/24-mantra/,smartfood.org,competitor,2026-04-16T21:05:46
121,"Retailer of DAL & RICE by 24 Mantra Organic Store, Hyderabad","24 Mantra Organic Store - Retailer of DAL, RICE & FLOURS from Hyderabad, Telangana, India",https://www.indiamart.com/24mantra-organic-store/,indiamart.com,competitor,2026-04-16T21:05:46
122,"24 Mantra Organic Store, Himayath Nagar, Hyderabad, , - magicpin | October, 2025","Grocery in Himayath Nagar, Hyderabad ... Nagar, Hyderabad · Join now · +919701062289 · 3-6-504, Street Number 6, Advocates Colony, Himayatnagar, Himayath Nagar, Hyderabad Get Directions Are you the owner of this sto...",https://magicpin.in/Hyderabad/Himayath-Nagar/Grocery/24-Mantra-Organic-Store/store/41ca58/,magicpin.in,competitor,2026-04-16T21:05:46
123,"24 Mantra Organic Groundnut Oil, Cold Pressed Price - Buy Online at...","Sresta Natural Bioproducts Pvt. Ltd., H.No. 8-2-468/A/1/3, Road No. 5, Banjara Hills, Hyderabad, Telangana, Pin - 500034, India. FSSAI License. 10015047000447. Country of Origin. India. Customer Care Details. Email: info@blinkit.com.",https://blinkit.com/prn/24-mantra-organic-groundnut-oil-cold-pressed/prid/21752,blinkit.com,competitor,2026-04-16T21:05:56
124,"India Natural Cosmetic Market Size, Trends and Growth Opportunities ...","Additionally, the growing demand for cruelty-free and vegan products is fueling growth in the natural cosmetics space. Cities such as Delhi, Mumbai, and Bengaluru dominate the India Natural Cosmetic market due to their high population density, higher income levels, and more health-conscious consumers.",https://www.kenresearch.com/industry-reports/india-natural-cosmetic-market,kenresearch.com,market_trend,2026-04-16T21:09:14
125,"India Cosmetics Market Size, Share | Growth Analysis [2032]","Rising Consumer Preference for Natural, Herbal, and Ayurvedic Cosmetics Products to Boost Market Growth Increasing consumer awareness about clean beauty cosmetics products in the India market, along with a strong preference for natural ingredients, plant-based, and chemical-free products, boosts the cosmetics market demand.",https://www.fortunebusinessinsights.com/india-cosmetics-market-114186,fortunebusinessinsights.com,market_trend,2026-04-16T21:09:14
126,Telangana Couple's Organic Mangoes & Native Rice Is Making Waves!,Telangana couple zero budget natural farming organic mango navara rice india. Srikanth & Srilatha's lush green farm. Apart from producing 100 per cent naturally-grown and ripened mangoes that have found patrons across Hyderabad...,https://thebetterindia.com/197256/telangana-couple-zero-budget-natural-farming-organic-mango-navara-rice-india/,thebetterindia.com,market_trend,2026-04-16T21:09:43
127,Buy 24 Mantra products online at the Lowest Prices- Instamart,"24 Mantra is a trusted name in organic foods, offering a wide range of products that are healthy and delicious. 24 Mantra in Hyderabad has become a favorite among health-conscious consumers, known for its commitment to quality and sustainability.",https://www.swiggy.com/instamart/city/hyderabad/b/24-mantra,swiggy.com,market_trend,2026-04-16T21:09:53
128,The Organic World expands its footprint launches in Coimbatore,"Apr 25, 2025 · COIMBATORE April 2025:The Organic World (TOW), part of the Bengaluru-based Nimida Group and India’s leading Responsible Retailer, has expanded its network to Coimbatore, further strengthening its pan-India expansion journey.",https://rightnewsraja.com/the-organic-world-expands-its-footprint-launches-in-coimbatore/,rightnewsraja.com,TOW,2026-04-17T00:11:30
129,The Organic World wins the responsible Retail award at the India...,"The Organic World (TOW), a part of the Bengaluru-based business conglomerate, Nimida Group, was launched in 2017 with a mission to create a positive and progressive impact on the world.",https://www.southeastasiapost.com/news/278694004/the-organic-world-wins-the-responsible-retail-award-at-the-india-food-forum-2025,southeastasiapost.com,TOW,2026-04-17T00:11:31
130,24mantra Organic Farm Shop - Indian grocery store - Hyderabad ...,"24mantra Organic Farm Shop is a indian grocery store and organic food store located in Hyderabad, Telangana. The average rating of this place is 4.20 out of 5 stars based on 42 reviews. The street address of this place is HNO.2-2-647/216/A, beside Saishankar Apartmen Near Street no:-8, Bagh Amberpet, DD Colony, Hyderabad, Telangana 500013, India.",https://yappe.in/telangana/hyderabad/24mantra-organic-farm-shop/664554,yappe.in,competitor,2026-04-17T00:13:10
131,Organic India Store For Turmeric Powder - 100g Near Jubilee Hills ...,"Find closest Organic India Store Organic Products near Jubilee Hills, hyderabad for best herbal tulsi tea, packaged food, body care products, detox wellness clean kit, formulations supplement capsules and powders",https://store.organicindia.com/organic-india/organic-shop-in-hyderabad/organic-shop-in-jubilee-hills/organic-india-store-in-jubilee-hills-hyderabad--4KfL6S/products/turmeric-powder-100g--eed54232-0eef-45f3-8b0e-b1eb9bdbd528,store.organicindia.com,market_trend,2026-04-17T00:16:40
132,Buy Organic Turmeric Powder/Haldi Online | Conscious Food,Buy organic Turmeric Powder online in India at a reasonable price from Conscious Food. Shop today for 100% Natural Haldi free of pesticides.,https://www.consciousfood.com/products/haldi-turmeric-powder-100g,consciousfood.com,market_trend,2026-04-17T00:16:40
133,Turmeric Powder - Buy Organic Haldi from Haritha Foods,"Shop Now for Our Turmeric Powder, 100% Natural, organically grown haldi powder from the farms of Telangana. High-quality spice that offers a range of culinary and health benefits.",https://harithafoods.in/products/organic-turmeric-powder,harithafoods.in,market_trend,2026-04-17T00:54:46
134,The Organic World set to grow e-commerce footprint,"Additionally, The Organic World plans to open 10 company-owned and operated stores along with 25 franchise-owned and operated stores as part of its ongoing expansion strategy. The Organic World eyes adding 30 stores in Hyderabad by 2025 end · The Organic World to add 30 new stores in Hyderabad ...",https://theorganicworld.com/news-details/12,theorganicworld.com,TOW,2026-04-17T15:40:31
135,Organic Online Store|Grocery |Vegetables|Dairy Products|Fruits...,"Order organic farm fresh fruits, vegetables, dairy products, exotic veggies, grocery home delivery. we ensure you have the highest quality fresh farm products when you need it at your door step. we have the best app for online grocery delivery near you in Hyderabad.",https://organicsmantra.in/,organicsmantra.in,competitor,2026-04-17T15:41:48
136,"9 Organic Breakfast Ideas | organic breakfast, nutritious, organic","Pure, organic fruit, grown in areas where the respective fruits grow best and processed in plants with a high quality of organic adherence and stickiness to standards. Available at 24 Mantra Organic Store on Road 12, Banjara Hills, Hyderabad.",https://at.pinterest.com/24mantra/organic-breakfast-ideas/,at.pinterest.com,competitor,2026-04-17T15:41:48
137,24 Mantra Organic Store Franchise - avamen,24 Mantra Organic Store 3-6-504 Street Number 6 Advocates Colony Himayath Nagar Hyderabad Telangana India. 040 40072526 Toll Free Number. 24Mantra has over 200 products under the label.,https://avamen.blogspot.com/2022/06/24-mantra-organic-store-franchise.html,avamen.blogspot.com,competitor,2026-04-17T15:41:48
138,ITC Acquisition: ITC Acquires 24 Mantra Organic to Boost Organic Food ...,"ITC Acquisition: ITC has completed an all-cash acquisition of Sresta Natural Bioproducts, owner of the 24 Mantra Organic brand, for Rs 472.50 crore, enhancing its portfolio in the rapidly growing ...",https://brandequity.economictimes.indiatimes.com/news/business-of-brands/itc-acquires-24-mantra-organic-to-boost-organic-food-segment/121850853,brandequity.economictimes.indiatimes.com,competitor,2026-04-17T15:41:52
139,ITC's Strategic Move to Acquire 24 Mantra Organic | Business,"In a significant move within the organic food industry, ITC Limited has announced its intention to fully acquire 24 Mantra Organic. The acquisition, valued at Rs 472.50 crore, is documented in a regulatory filing, highlighting ITC's strategic expansion in the organic market.",https://www.devdiscourse.com/article/business/3350219-itcs-strategic-move-to-acquire-24-mantra-organic,devdiscourse.com,competitor,2026-04-17T15:43:53
140,ITC’s 24 Mantra deal and organic foods... - Trade Tricks by The Ken,"Relative to the Organic India acquisition, ITC’s investors have reason to think 24 Mantra is a steal. ITC is paying a mere Rs 470 crore, or 1.6X the latter’s sales.",https://the-ken.com/tradetricks/itcs-24-mantra-deal-and-organic-foods-unending-wait-for-glory/,the-ken.com,competitor,2026-04-17T15:43:57
141,Organic Food Store | Natural Foods Online | Artisana Market,"Natural & Organic Food Store. Enjoy delicious nut butters and tasty bites that check all the boxes, from organic and vegan to eco-friendly and ethically sourced.",https://artisanamarket.com/,artisanamarket.com,competitor,2026-04-17T15:44:10
142,"Organic & Natural Grocery Store in Phoenix, AZ... | Natural Grocers","Natural Grocers is your valued community grocery store providing Natural Groceries! Visit your local store in Phoenix, AZ today!",https://www.naturalgrocers.com/store/phoenix-indian-school-rd,naturalgrocers.com,competitor,2026-04-17T15:44:10
143,"State of Indian Quick Commerce Market 2025 - Blinkit, Zepto, Big Basket ...","What began as restaurant delivery and scheduled grocery e-commerce has evolved into a competitive, fast-growing landscape encompassing instant commerce, bulk grocery delivery, and B2B supply chain platforms. In 2025, quick commerce and online food delivery have become habitual for urban consumers, while the B2B backend is still stabilizing.",https://mukundmohan.blog/2025/05/13/state-of-indian-quick-commerce-market-2025-blinkit-zepto-big-basket-swiggy-and-zomato/,mukundmohan.blog,competitor,2026-04-17T15:44:38
144,India Quick Commerce 2025: Real-Time Price & Data Mapping Report,"Explore India's 2025 Quick Commerce landscape with real-time pricing, delivery, and data insights from Food Data Scrape across Blinkit, Zepto, Swiggy Instamart & more.",https://www.fooddatascrape.com/india-quick-commerce-market-trends-price-data-mapping.php,fooddatascrape.com,competitor,2026-04-17T15:44:38
145,Growing Organic World Organically - SustainabilityNext,"June 8, 2024 - Accessible, affordable and authentic – the 3A success formula is common to the success of most products and services. For those in the organic product space, it means everything. That’s what Gaurav Manchanda, the founder of Bengaluru’s based start-up The Organic World, believes will work as he launches his tenth store recently.",https://sustainabilitynext.in/growing-organic-world-organically/,sustainabilitynext.in,TOW,2026-04-18T11:55:48
146,"Purity Prayag Organic Grocery Store at S.R Nagar, Hyderabad","Purity Prayag promises you of selling only chemical-free & organic products. Our Organic stores comprise 100% organic and natural products, including pesticide-free. Address - 8-3-1109/2, Shop No.2, Subhadra Enclave, Opp: SBI Yellareddyguda Branch, Srinagar Colony Main Road, Hyderabad, Telangana-500073.",https://purityprayag.com/purity-prayag-organic-grocery-store-at-s-r-nagar-hyderabad/,purityprayag.com,competitor,2026-04-18T11:57:24
147,Ratnadeep Retail Pvt. Ltd - Grocery Stores and Supermarket in Hyderabad ...,"Ratnadeep Retail Hyperlocal Supermarket with over 60 stores across Hyderabad and Bengaluru . Find Grocery, Food Items, Provision Stores, Household Products, Dairy Products at Supermarket ratnadeepretail.com",https://ratnadeep.com/,ratnadeep.com,competitor,2026-04-18T11:57:24
148,Natural and organic meat shopping is on the rise; consumers are...,"The report explores consumer perceptions and buying habits, attitudes and behaviors regarding fresh meat and poultry. Cooking habits improving; sales are up. For this year, the industry groups surveyed 1,340 people in November 2011.",https://www.naturalnews.com/036625_organic_meat_consumer_trends_groceries.html,naturalnews.com,market_trend,2026-04-18T12:00:28
149,Swiggy Launches Swiggy Wiggy 3.0 Featuring Rap Anthem,"Alongside the talent submissions, Swiggy ... Gaurav Manchanda, Founder & Director, The Organic World on building an organic ecosystem across India",https://www.impactonnet.com/more-from-impact/swiggy-launches-swiggy-wiggy-30-featuring-rap-anthem-11290.html,impactonnet.com,TOW,2026-04-20T16:20:03
150,"24 Mantra Organic Store - About, Contacts, Location & Map","Founded in 2004, Sresta is one of the pioneers in organic foods. Small and determined, we set about the task with optimism. Determined to offer a better choice to India and Indians, working against all odds, today we stand as a leader in the organic foods category.",https://www.ecohubmap.com/company/business/24-mantra-organic-store/83q4m1e0rl1xyedl6,ecohubmap.com,competitor,2026-04-20T16:21:12
151,"24 Mantra Organic Wholewheat Fusili Pasta, 0% Maida... | INRDeals.","Is it worth to buy 24 Mantra Organic Wholewheat Fusili Pasta, 0% Maida, 100% Wholewheat, 500g on Amazon India sale. Absolutely! This is currently the best deal of 5 August 2025 that you can get Online.",https://inrdeals.com/offer/24-mantra-organic-wholewheat-fusili-pasta-0-maida-100-wholewheat-500g-amazon,inrdeals.com,competitor,2026-04-20T16:21:12
152,24 Mantra Organic Store Franchise - Captions Trendy,Organic Food Distributors In Hyderabad Organic Food. 24 Mantra Organic.In this video I have explained about the 24 Mantra Organic Products and their prices. Today we have our 24 Mantra organic food brand available across India and abroad in 1500 outlets and our own stores.,https://captionstrendyfrcms.blogspot.com/2021/04/24-mantra-organic-store-franchise.html,captionstrendyfrcms.blogspot.com,competitor,2026-04-20T16:21:12
153,24 Mantra Organic Social Media Post :: Behance,"• Follow. Following. Unfollow. 24 Mantra Organic. Social Media Post.Owner. Vasu Creation. Hyderabad, India.",https://www.behance.net/gallery/77731987/24-Mantra-Organic-Social-Media-Post,behance.net,competitor,2026-04-20T16:21:17
154,Brand | Switch To India,"24 Mantra Organic is an Indian-owned brand headquartered in Hyderabad, India. It was founded in 2004. The brand operates under Sresta Natural Bioproducts.",https://www.switchtoindia.in/brand/24-mantra-organic,switchtoindia.in,competitor,2026-04-20T16:21:21
155,GitHub - varnitporwal/FMCG-Marketing-Dashboard-PowerBI...,Sresta24-Dashboard_Varnit_Porwal.pptx. Dashboard presentation with visuals and insights.Interactive Power BI dashboard analyzing FMCG campaign performance and customer insights - Mentor-led Internship at Sresta 24 Mantra Organic.,https://github.com/varnitporwal/FMCG-Marketing-Dashboard-PowerBI,github.com,competitor,2026-04-20T16:21:21
156,Hyderabad takes to organic foods | Hyderabad takes to organic foods,"(Photo: DC ). Hyderabad: The demand for organic food products has been rising steadily in the city, with a 48 per cent increase since 2011. In fact, the city is in strong competition with Bengaluru, which was once much ahead of Hyderabad.",https://www.deccanchronicle.com/140911/nation-current-affairs/article/hyderabad-takes-organic-foods-0,deccanchronicle.com,competitor,2026-04-20T16:21:28
157,Sell Online on #1 Instant Delivery Service in India - Blinkit,"Order thousands of products at just a tap - milk, eggs, bread, cooking oil, ghee, atta, rice, fresh fruits & vegetables, spices, chocolates, chips, biscuits, Maggi, cold drinks, shampoos, soaps, body wash, pet food, diapers, electronics, other organic and gourmet products from your neighbourhood stores and a lot more. Order online on Blinkit to enjoy instant delivery magic · Cities we currently serve: Delhi, Gurugram, Kolkata, Lucknow, Mumbai, Bengaluru, Ahmedabad, Noida, Ghaziabad, Faridabad, H",https://seller.blinkit.com/,seller.blinkit.com,competitor,2026-04-20T16:21:53
158,Blinkit: Grocery in 10 minutes - App Store - Apple,"Delivering groceries in 20+ cities Do your grocery shopping online! Get delivery of milk, vegetables, bread, snacks & more on the Blinkit app in Ahmedabad, Bengaluru, Chandigarh, Chennai, Delhi, Faridabad, Gurgaon, Hyderabad, Jaipur, Jalandhar, Kanpur, Kolkata, Lucknow, Ludhiana, Meerut, Mohali, Mumbai, Panchkula, Pune, Noida, Ghaziabad, Vadodara & Zirakpur.",https://apps.apple.com/in/app/blinkit-grocery-in-10-minutes/id960335206,apps.apple.com,competitor,2026-04-20T16:21:53
159,7 Best 10-min Delivery Apps in India 2025 | Desidime,"February 18, 2022 - Grofers, a popular online grocery delivery app is now Blinkit and is backed up by Zomato. The difference here is that Blinkit delivers instantly and promises 10-min delivery. It also promises a 100% replacement guarantee and genuine products.",https://www.desidime.com/news/top-5-instant-10-min-grocery-delivery-apps-in-india,desidime.com,competitor,2026-04-20T16:21:53
160,Consumer behavior-Online grocery shopping in India: An overview,"Indian online groceries market is envisaged to grow and reach Rs 2.7 billion by FY’2019. There are.The study focuses on consumer behaviour i.e. Online grocery shopping abroad and in India, challenges and prospects in Indian perspective.",http://www.ijarse.com/images/fullpdf/1504000793_BVCNSCS17037_P_Jayasree.pdf,ijarse.com,market_trend,2026-04-20T16:24:16
161,A study to assess consumer behavior of grocery,"Keywords: Consumer Behaviour, Grocery Shopping, Indian Markets, Covid-19, Customer Preferences. INTRODUCTION. The basic necessity of every human being is Food, Clothing, Shelter and Education with food being one of the most important one for mere survival.",https://ptvaim.ac.in/documents/Criteria+3/3.3.1/2020-21/08_Abhishek+Deokule_2020-21.pdf,ptvaim.ac.in,market_trend,2026-04-20T16:24:16
162,Understanding consumer behavior in organic food restaurants...,"Green consumers’ behavioral intention and loyalty to use mobile organic food delivery applications: The role of social supports, sustainability perceptions, and religious consciousness. Environment Development and Sustainability, 26(6), 15953–16003.",https://link.springer.com/article/10.1007/s10668-025-06339-5,link.springer.com,market_trend,2026-04-20T16:24:16
163,India Cracks Down on 'Dark Patterns' in E-Commerce Platforms,"India orders online retailers to eliminate deceptive design practices known as “dark patterns”, mandating self-audits within three months to protect consumers.",https://www.indianewsnetwork.com/en/20250607/india-cracks-down-on-dark-patterns-in-e-commerce-platforms,indianewsnetwork.com,market_trend,2026-04-20T16:24:16
164,FSSAI Sets Up Panel to Revamp Regulations on Organic Food Date ...,"The Food Safety and Standards Authority of India (FSSAI) has announced the formation of a special panel to overhaul existing regulations on organic food. The move comes in response to the sector's rapid growth and rising consumer demand for authentic, chemical-free products. The regulator aims to address industry challenges, improve certification processes, and strengthen consumer trust in ...",https://indiaadvocacy.in/2025/09/15/fssai-sets-up-panel-to-revamp-regulations-on-organic-food-date-september-15-2025/,indiaadvocacy.in,regulation,2026-04-20T16:25:15
165,FSSAI Forms Panel to Overhaul Organic Food Regulations,"The FSSAI has formed an expert committee to revise India's organic food regulations, aiming to modernise certification norms and labelling requirements, align with international standards, and enhance consumer confidence in organic products.",https://foodmanifest.com/fssai-forms-panel-to-overhaul-organic-food-regulations/,foodmanifest.com,regulation,2026-04-20T16:25:15
166,FSSAI forms expert panel to overhaul India's organic food regulations ...,"The Food Safety and Standards Authority of India (FSSAI) has formed a scientific panel to modernize regulations governing organic food in India. With consumer demand for organic products growing steadily—driven by health consciousness and sustainability concerns—the initiative signals a shift towards clearer labelling, better certification ...",https://theenterprise.news/fb-marketing/fssai-forms-expert-panel-to-overhaul-indias-organic-food-regulations/,theenterprise.news,regulation,2026-04-20T16:25:15
167,Innovation in Retail becomes key focus at RAI Hyderabad Summit,"Vice Chairman, RAI Hyderabad Chapter, expressed, “Retail success today hinges on operational intelligence—especially in health and wellness.",https://www.apparelviews.com/innovation-in-retail-becomes-key-focus-at-rai-hyderabad-summit-2025,apparelviews.com,regulation,2026-04-20T16:25:21
168,The Organic World is building a retail chain for chemical ...,"The surge in franchise interest ... expansion, such as reaching 100 stores by 2025, targeting southern Indian states like Karnataka, Telangana, Andhra Pradesh, and Tamil Nadu. Its immediate plans include entering Chennai and Hyderabad, besides exploring opportunities in Tier II and III cities ...",https://theorganicworld.com/news-details/13,theorganicworld.com,TOW,2026-05-08T22:41:54
169,How The Organic World's Pledge to Reach 100 Stores in 18,"Founded by Gaurav Manchanda, Director, The Organic World, this unique brand strives to offer a holistic range of organic and natural products.",https://www.indianretailer.com/article/retail-business/fmcg-sustainability/how-organic-worlds-pledge-reach-100-stores-18-months,indianretailer.com,TOW,2026-05-08T22:41:59
170,24 Mantra Organic & ITC: Shaping the future of India's organic food ...,"""ITC's acquisition of 24 Mantra Organic is aimed at not only strengthening the brand's presence in the high-growth organic foods space but also fuel the overall segment growth and increase exports of organic food out of India.",https://etedge-insights.com/trending/24-mantra-organic-itc-shaping-the-future-of-indias-organic-food-industry/,etedge-insights.com,competitor,2026-05-08T22:43:21
171,ITC set to acquire 24 Mantra Organic brand for Rs 472.50 crore,ITC set to acquire 24 Mantra Organic brand for Rs 472.50 crore The decision has been taken as part of ITC's plan to expand its range of consumer-focused products.,https://www.financialexpress.com/business/industry-itc-set-to-acquire-24-mantra-organic-brand-for-rs-472-50-crore-3813449/,financialexpress.com,competitor,2026-05-08T22:43:21
172,ITC to Buy 24 Mantra Organic for Rs 472.5 Crore - Equitypandit,"ITC to acquire 24 Mantra Organic maker SNBPL for up to Rs 472.5 crore, expanding its presence in the organic packaged foods market.",https://www.equitypandit.com/itc-to-buy-24-mantra-organic-for-rs-472-5-crore/,equitypandit.com,competitor,2026-05-08T22:43:21
173,ITC to buy 24 Mantra Organic for ₹472.5 crore to power its healthy ...,"With this acquisition, ITC brings under its wing one of India's most recognised names in organic packaged foods, positioning itself at the forefront of the sustainable nutrition movement both at ...",https://www.businesstoday.in/latest/corporate/story/itc-to-buy-24-mantra-organic-for-rs4725-crore-to-power-its-healthy-foods-portfolio-472495-2025-04-17,businesstoday.in,competitor,2026-05-08T22:43:21
174,Federal Bank gives its nod to FedFina’s IPO | Stock Market,"Separately, organic food company Sresta Natural Bioproducts Ltd ... The Hyderabad-based company owns packaged organic food segment ‘24 Mantra’.",https://www.livemint.com/market/ipo/federal-bank-approves-fedfina-s-ipo-11641906677946.html,livemint.com,competitor,2026-05-08T22:43:27
175,Quick Commerce Ads in Jaipur 2026: Beginner’s Guide to Blinkit...,"Quick commerce has changed how Jaipur shops for groceries, essentials, and daily needs. For local brands and sellers, this shift has opened a powerful new way to reach ready-to-buy customers through Quick Commerce Ads in Jaipur on platforms like Blinkit, Zepto, and Instamart.",https://www.hrlinfotechs.com/blog/quick-commerce-ads-in-jaipur-2026-beginners-guide-to-blinkit-zepto-instamart-sponsored-ads/,hrlinfotechs.com,competitor,2026-05-08T22:44:20
176,"""Our target is anyone who want to experience delicious organic food""","The Indian food market has grown over the past few years and will continue to do so at a rapid pace over the next few years due to the boom in consumer spending power, brand innovation and greater acceptance of international and local cuisines through internet and travel.",https://www.restaurantindia.in/article/our-target-is-anyone-who-want-to-experience-delicious-organic-food.9191,restaurantindia.in,market_trend,2026-05-08T22:47:38
177,Voice of the Consumer 2025: A value recipe for India s food ...,"Our research indicates that consumers are prioritising nutrition, affordability and sustainability – embracing local produce, digital grocery platforms and wellness technologies. Climate concerns are rising, yet taste, price and nutritional value remain key drivers of buying decisions.",https://www.pwc.in/assets/pdfs/pwcs-voice-consumer-2025-india-perspective.pdf,pwc.in,market_trend,2026-05-08T22:47:45
178,A study of consumer perceptions and attitudes toward organic ...,"This study has provided a comprehensive analysis of consumer perceptions and attitudes toward organic foods in India, identifying key drivers and barriers influencing purchasing behavior.",https://www.managejournal.com/assets/archives/2025/vol11issue4/11061.pdf,managejournal.com,market_trend,2026-05-08T22:47:45
179,"Organic Farming Growth in India 2025 — Market Size, Drivers ...","17 hours ago · Overview Organic farming in India is growing rapidly in 2025 , with more small and large farmers adopting it. This shift in Indian agriculture is driven by rising market demand for chemical-free food,through various government schemes and expanding export opportunities for Indian farmers. Organic farming is no longer a",https://kamaorganic.com/blogs/news/organic-farming-growth-in-india-2025-market-size-drivers-and-leading-brands,kamaorganic.com,market_trend,2026-05-08T22:47:54
180,The Growing Demand for Chemical-Free Skincare in Urban India,"Nov 24, 2025 · Urban Indians are increasingly discerning, favoring products free of harmful synthetic ingredients. According to a 2023 Times of India report, 47% of Indian consumers prioritize natural ingredients in facial skincare, signaling a rejection of parabens, sulfates, and other chemicals.",https://maearthbotanicals.com/blogs/botanical-beauty-news/the-growing-demand-for-chemical-free-skincare-in-urban-india,maearthbotanicals.com,market_trend,2026-05-08T22:47:54
181,"India Beauty and Personal Care Market Share, Size Report ...","The demand for beauty and personal care products in India is experiencing exponential growth, driven by consumer preferences for organic compounds with therapeutic benefits.",https://www.marknteladvisors.com/research-library/india-beauty-and-personal-care-market.html,marknteladvisors.com,market_trend,2026-05-08T22:47:54
182,Organic Rice In Hyderabad Telangana At Best Price | Organic ...,Get organic rice in Hyderabad Telangana at best price. Find list of organic rice manufacturers suppliers located in Secunderabad & near by cities.,https://www.tradeindia.com/hyderabad/organic-rice-city-196467.html,tradeindia.com,market_trend,2026-05-08T22:48:26
183,Organic Rice Items: Buy Organic Flour & Sooji Online at Best Price ...,"For those who are looking at healthier options, we also have the organic whole wheat flour varieties and organic multigrain flour options for you. We have an array of organic brands to choose from, some of the most popular ones in our store are 24 mantra, organic tattva and Pro nature.",https://www.bigbasket.com/pc/foodgrains-oil-masala/organic-staples/organic-flours/,bigbasket.com,market_trend,2026-05-08T22:48:30
184,Buy 24 Mantra Products Online at Best Prices|Free shipping - bigbasket,"An Assortment of Organic Products Prompting households to tread the healthy path through organic products, it is a matter of convenience to order 24 Mantra online on bigbasket. Stock up your kitchen cabinets with various products including organic poha and mixed fruit jam. Log on to the bigbasket app, and avail the service of standard v/s fast track delivery; an incentive to consumers residing ...",https://www.bigbasket.com/pb/24-mantra/,bigbasket.com,market_trend,2026-05-08T22:48:30
